712c6ea7-8d3e-49e9-8069-334745eb1aee,73,http://www.hunter-foster.com/,Nearly forget resource campaign next could.,natural.jpg
808e01f1-eada-49a4-8e19-41df4e60a04e,62,http://www.powers-turner.biz/,Crime suddenly threat.,data.bmp
e99724e4-e886-4a47-a69f-3f44ba516651,63,https://www.richards.com/,Beautiful less guy give child clear true.,article.jpeg
ab714211-0ba8-4ca1-8236-f9aa26d41cb9,70,http://knox.com/,Here family herself vote.,name.bmp
f5a751c9-b20a-4f7d-ae41-dbe23812c82d,66,https://barker.org/,Sure start bank network change little.,include.jpeg
b0d9a9d3-8a8f-4666-aef9-6005dfb66bc9,32,http://anderson.com/,Newspaper pay hope trade meet.,street.jpg
d15a58be-580e-4535-9f46-a4cf3a5a3336,47,https://soto-brown.info/,Similar long student season increase hope similar.,hour.png
06f63279-e17f-424b-963f-583c86778bca,17,http://rollins.com/,Program imagine friend nor full rather next.,son.gif
853bd6d7-8fa6-4b6e-b947-08d608d17db8,94,https://www.harris.com/,Deal natural back it message top.,hope.jpg
30fc7f92-ce89-42e2-a141-882c507bac01,96,http://www.jenkins-lawrence.com/,Game keep really rich her quite.,to.jpg
ee8dbe51-eba4-415a-b46c-2f511d20d1c4,5,http://www.dean-walker.com/,Respond safe something move.,everybody.jpeg
b6d90d1a-088d-494b-bcf9-24f29785d61d,71,http://www.rodriguez.com/,Support play color language field.,draw.jpeg
322bf6a9-9ef3-4b29-aa77-beaeee4b2001,92,https://garcia-cruz.com/,Go voice let.,low.jpeg
a4fb467e-f38b-4b45-956e-621c43b5abc3,34,http://mcpherson.com/,While hard ready nation threat economy every.,environment.bmp
1c180f90-238b-4542-81d8-7d541db75cad,4,https://www.chavez-campbell.com/,Option quality world keep bill fly.,wife.png
186cc648-24c7-4ae8-92f8-25e7c0bf9fc2,85,http://www.nguyen.info/,Product happy authority these.,test.jpg
3f36508c-e722-48fa-a1c6-4b66e02bcfd4,68,http://www.avery.org/,Onto personal American learn reality.,nearly.png
c9590117-54e9-4a1c-80ea-f8828b94f33b,90,https://www.meyer-dalton.com/,Conference score star pattern tough.,national.bmp
2ba8f362-22a3-4bec-a7d3-1c25e3b9dc4a,93,https://perez.com/,Expert win through six impact.,and.jpeg
e06a27c7-3c49-41ad-a548-aacaf0068f55,95,http://www.williams.com/,Kid situation nice unit throughout never.,station.bmp
aba3bd92-739e-4b3c-899c-79a160d1e649,63,http://archer-schneider.com/,Rock medical box technology.,worry.gif
282d8cae-6532-4aa8-bb07-ea344e0d9d15,48,https://www.luna.com/,Language national range during.,take.bmp
0909fdbb-313f-4023-b6a1-b88d6d68b83c,84,https://www.walter-morgan.info/,Specific than discussion.,professional.jpg
c8e97221-1bf9-4b91-8e41-32054b1cc434,95,http://www.sherman.com/,Now summer number six.,analysis.jpg
8b43042a-a0ab-43e0-8410-d4f6b86a407d,15,http://www.stewart.com/,Knowledge gas bill sister perform such.,four.jpeg
a9539f78-97d9-45c5-9fb1-228ff30acf04,23,http://barrett.com/,Help they gas.,when.gif
cc62a6f9-7ff3-42bf-b578-66e3f3157441,39,http://ellis.com/,Become edge blood.,maintain.bmp
7ede4285-fb74-4fa7-a9ca-d91a4c86e38e,57,http://www.martin-goodman.com/,Maintain approach hundred still.,task.png
b58c7b82-9798-4e10-a9e3-f51254979b46,44,http://rogers.com/,Never or front student.,less.jpeg
ff5b22a3-1bf7-4da8-8aa6-ff3c216435ad,1,https://www.allen.info/,Certain now admit newspaper although company usually.,nation.jpg
9be852f3-2e71-456d-96c8-6a54e8454efc,64,https://www.christensen-herrera.org/,Dark approach door project.,apply.gif
cb023e25-cea4-498c-b8d8-321b83a128e4,39,https://george.com/,Two agreement candidate kind plan.,imagine.bmp
a4ff665c-5573-4b41-8590-36868368261b,68,https://www.miller.com/,Under cost ever last any.,according.jpg
c103082c-2e14-4806-9d82-3b74977848c8,48,http://www.thomas.com/,Leave challenge method cover discussion lot.,similar.jpg
5f76fc1f-c09b-4e56-b1ea-d763e1e6ef8c,81,https://flores.com/,More south wrong.,cover.jpg
9a1effdc-43d2-462d-b91b-9f7ac67b254e,34,https://singleton.com/,Rule piece value short on.,edge.bmp
dc893a1e-eb90-4cc8-96a3-25872c8e18c2,54,http://morgan.net/,Ahead word rather hair book sea.,vote.png
be9bb09c-0c23-40af-81f4-4c1549a25641,23,https://www.thomas.com/,Popular traditional role stand.,popular.jpeg
ae91f234-1635-4ade-97f2-5f95d7b968b1,5,https://alexander.info/,Behind fact fund first life.,I.png
afc855d0-e03c-490f-9048-5e14f2d106c7,41,https://www.greer.com/,Involve force staff star whose.,quite.png
8f736b5e-4ffb-486a-93ab-0c8e6d89a09e,50,http://green-davis.com/,Scene pattern feel have race.,her.png
adba37c8-1693-488d-8f83-e7b258e5a7a6,79,http://white-martinez.com/,Ask thing market school.,shake.jpeg
9711b0f8-5566-41f2-a8ad-e591a7b79ee4,100,https://browning-baird.info/,Foot suffer magazine.,kitchen.jpg
1033fabf-13e5-4810-b4c0-540d5671510e,83,http://www.wells-carlson.net/,Above tonight difficult every.,sport.png
4e2824ec-8021-4a3b-93ea-8be4c9304687,56,http://www.melendez.com/,Ever buy because.,hold.gif
5422ea38-c814-49cf-86a8-639b57a41efb,85,http://www.hensley.info/,Return approach charge chair.,they.bmp
af06d38d-e96f-457c-a71e-97d9c20c2899,73,http://nelson-bird.net/,Gas necessary approach card group hope.,strategy.bmp
c42f0129-149d-47e0-bfac-2e8e6570d067,19,https://www.dunn.com/,Area pick animal leave admit.,window.png
5682ecdd-a196-4648-a069-00adea837bfd,25,https://www.russell.com/,Eat decide assume authority from senior message.,age.gif
e405a896-6a50-4658-8a4a-724ebe4f1aef,33,https://www.jordan.info/,Tonight eight show notice series check that.,beautiful.png
